post_id,title,content,x_axis,y_axis,status,tweet_id,tweet_url,hook_type,emotional_appeal,tone,uses_numbers,character_count,sentiment_score,time_band,day_of_week,likes_5h,retweets_5h,impressions_5h,post_source,quote_source_username,quote_source_followers,quote_link_type
24c88842-067d-4e00-863f-601283e9cea3,表面利回りと実質利回りの落とし穴,"「利回り8%」に飛びついて失敗する人が後を絶たない🚨

広告の利回りは「表面」。実際は管理費・固定資産税・空室損を引くと5%台まで落ちる物件が大半。

さらに築古なら修繕積立・原状回復で年20〜30万の追加コストも。

実質利回り＝（年収入－年経費）÷購入総額。この計算を自分でできない人は買うのを待ってほしい。",3,2,published,2029749153392382191,https://x.com/i/web/status/2029749153392382191,その他,危機感,警告的,TRUE,156,-1,M3,金,6,0,896,system_original,,,
d3c5b062-3bb3-42fa-b416-44529e4adfbc,融資前に確認すべき7つのチェックリスト,"融資を通すより「通した後」に後悔する人が多い。🏦

金利・期間・返済比率だけ見て契約すると、空室が2ヶ月続いた瞬間にキャッシュが死ぬ。

銀行は「返せるか」を見るが、投資家は「空いても耐えられるか」を見ないといけない。

融資前に確認すべき数字は7つある。これを知らずにハンコ押したら危険。",2,4,published,2030033833132016019,https://x.com/i/web/status/2030033833132016019,その他,危機感,実践的,TRUE,145,-1,M1,土,5,0,392,system_original,,,
93caeafc-b395-44a1-a680-e6170ba80ce5,都心vs郊外：投資物件エリア比較分析,"「都心は高いから郊外で」と即決する前に見てほしい数字がある。

都心1R：表面利回り4%・空室率3%・10年後売却価格維持率90%
郊外1R：表面利回り8%・空室率18%・10年後売却価格維持率55%

利回りの差より、空室損と出口価格の差が最終収支を決める。
高利回りは「リスクの価格」だと覚えておこう。📊",1,5,published,2030128457171226807,https://x.com/i/web/status/2030128457171226807,その他,危機感,分析的,TRUE,154,-1,M3,土,0,0,55,system_original,,,
42f2457c-67d1-4067-9467-5a7870f841cd,物件購入前チェックリスト完全版,"物件を買う前に「この9項目」を確認しない人が失敗します。

✅ 最寄り駅まで徒歩10分以内か
✅ 築年数と修繕履歴は一致しているか
✅ 空室率が周辺平均より高くないか
✅ 売却時の出口利回りを試算したか

業者に急かされて「なんとなく良さそう」で買うのが最大のリスク。
数字で確認できない物件には、必ず理由がある。🔍",1,4,published,2030311895832609063,https://x.com/i/web/status/2030311895832609063,その他,危機感,実践的,TRUE,158,-1,other,日,0,0,37,system_original,,,
0ff86525-3cb6-496e-b286-d7917c43c458,駅距離×利回りの落とし穴を数字で見る,"「駅5分以内なら安心」は半分だけ正しい。📊

実データを見ると、徒歩5分物件でも
空室率12〜18%のエリアが普通に存在する。

重要なのは「駅距離」より
「人口動態×賃料下落率×利回り」の3点セット。

駅近・高利回り物件ほど
出口価格が読みにくいケースが多い。

買う前に数字を揃えてから判断する習慣が
失敗を防ぐ唯一の方法。",1,2,published,2030313440141832666,https://x.com/i/web/status/2030313440141832666,その他,危機感,分析的,TRUE,165,-1,other,日,1,0,40,system_original,,,
cfeeadc2-1db4-479a-b864-5078ce7e569f,フルローン失敗の典型パターン,"フルローンで買えた＝正解、じゃない。

自己資金ゼロで1棟購入した投資家の末路を見てきた。
金利1.8%・35年・4,500万円で月返済約14.2万。
満室なら回るが、空室率20%で即赤字。
修繕積立ゼロなら10年後に詰む。

業者が「融資通りますよ」と言う時、
それはあなたの収支ではなく、自分の成約を見てる。

融資枠≠投資適格。数字で判断して。📊",2,3,published,2030400073113473306,https://x.com/i/web/status/2030400073113473306,その他,危機感,警告的,TRUE,176,-1,M1,日,4,0,536,system_original,,,
3db9d6e0-946d-4c28-8e81-a55d30e2983b,融資ローン よくある誤解3選,"「年収500万あれば融資通る」は半分ウソ🏦

銀行が実際に見ているのは
年収より「属性スコア」の総合点。

勤続年数・自己資金・他社借入残高・
物件の収益性——この4つが揃って初めて
ローンは動く。

年収だけ高くても
消費者金融の残高が100万あれば否決。

「なんとなく申し込んで撃沈」が
一番もったいない。

事前に数字を整理してから動く人が
最終的に良い物件を取れる。",2,7,published,2030405370527830351,https://x.com/i/web/status/2030405370527830351,体験談,危機感,教育的,TRUE,188,-1,M1,日,2,0,163,system_original,,,
555767c8-7441-4fa8-b88f-9327a66549b4,エリア分析よくある誤解3選,"「駅近なら安心」は半分しか正しくない。🏠

駅徒歩5分でも、乗降客数が年1%ずつ減っている路線なら10年後の賃料は今より8〜12%落ちる試算が出る。

重要なのは「今の利便性」より「20年後の人口動態」。

国交省の地域未来予測データは無料で見られる。買う前に必ず確認したい。",1,7,published,2030481337124290582,https://x.com/i/web/status/2030481337124290582,その他,危機感,教育的,TRUE,138,-1,M3,日,0,0,42,system_original,,,
c52cb6d7-e8a2-4a3d-84cb-938ca2a6efc6,エリア分析失敗3大パターン警告,"「駅近だから安心」で買って後悔した人の話🚨

実は「駅近」より先に見るべき数字がある。

①賃貸需要の母数（就業者・学生数）
②競合物件の空室率（半径500m以内）
③人口動態（5年後の予測値）

この3つを調べずに購入した場合、表面利回り8%でも実質3%台に沈むケースが頻発している。

エリアの「今」だけ見て「将来」を見ない。これが物件選びで最もよくある失敗構造だ。",1,3,published,2030570502973198590,https://x.com/i/web/status/2030570502973198590,その他,危機感,警告的,TRUE,185,-1,E1,日,1,0,56,system_original,,,
02cd7a32-5da1-4a3a-8ab6-d9b7557b0eb0,新築ワンルーム業者の罠を数字で暴く,"新築ワンルーム、買う前に知っておけ。

業者が見せる「利回り5%」は表面利回り。
管理費・修繕積立金・固定資産税を引くと
実質2〜3%台になることが普通にある。

3000万円の物件で年60万円の手取りを期待しても
実際は30万円台というケースは珍しくない。

数字の裏を必ず自分で計算する。それだけで失敗の7割は防げる。📊",3,6,published,2030581709809528942,https://x.com/i/web/status/2030581709809528942,その他,危機感,警告的,TRUE,162,-1,E1,日,3,0,102,system_original,,,
ddcc0ec4-d1eb-47c6-8542-3634889a5929,初心者向け物件選び・エリア分析入門,"「駅近だから安心」で買って失敗する人が後を絶たない🏠

駅から5分以内でも、空室率30%超のエリアは実在する。
大事なのは「駅距離」より「人口動態」と「賃貸需要の裏付け」。

国交省の地価公示＋市区町村の人口推移データは誰でも無料で見られる。
買う前に5分調べるだけで、判断精度が大きく変わる。",1,1,published,2030588200041771162,https://x.com/i/web/status/2030588200041771162,その他,危機感,教育的,TRUE,147,-1,M2,日,0,0,52,system_original,,,
e5989397-923e-4d94-be15-9944938024ca,変動金利vs固定金利ローン比較,"変動か固定か、どっちで借りるかで
10年後のキャッシュフローが数百万変わる📊

変動1.0%で3,000万借りると月返済は約8.6万
固定2.0%だと月9.9万→年間差額は約15万

「低いから変動で」は危険な選択かもしれない
金利上昇0.5%で月1〜2万増える現実を
事前に数字で確認してから決めてほしい",2,5,published,2030640282786545776,https://x.com/i/web/status/2030640282786545776,その他,危機感,分析的,TRUE,153,-1,other,日,0,0,123,system_original,,,
10c735aa-cc41-4e01-a58e-cefe09b998d1,表面利回り信者が陥る収益計算の罠,"「利回り8%！」に飛びついて失敗した人の共通点🔍

表面利回り8%の物件、実は手取りがほぼゼロだった。

家賃120万÷物件価格1500万＝8%
でも実際は…
・管理費・修繕積立：年12万
・固定資産税：年8万
・空室損（15%）：年18万
・ローン返済：年72万

手残り：10万円（実質利回り0.7%）

数字は嘘をつかないが、業者が見せる数字は都合よく削られている。",3,3,published,2030759081246687241,https://x.com/i/web/status/2030759081246687241,その他,危機感,警告的,TRUE,186,-1,M1,月,2,0,91,system_original,,,
f0783787-94cf-4437-add6-fa04ab6d3d5f,初心者向け不動産融資ローン戦略基礎,"不動産投資で失敗する人の9割は「融資の仕組み」を理解せず買っている。

金利1%の差が35年で約400万円変わる。
自己資金10%と30%では、キャッシュフローが月3〜5万円変わることも。

融資は「借金」じゃなく「レバレッジツール」。
でも使い方を間違えると一瞬で詰む。📊

仕組みを理解してから動く人だけが生き残る。",2,1,published,2030768069770113369,https://x.com/i/web/status/2030768069770113369,その他,危機感,教育的,TRUE,160,-1,M1,月,3,0,104,system_original,,,
5698d9ed-8e5f-4a45-bc2c-ada9d25a2f87,表面利回りvs実質利回り徹底比較,"「利回り8%」に飛びついたら手取りは4%だった話。🏠

表面利回りは「家賃÷物件価格」の単純計算。
管理費・修繕積立・固定資産税・空室損を引いた
実質利回りは平均で表面の約50〜60%になる。

1,000万円の物件で年80万収入でも
実費40万引けば手残りは40万。

業者が強調する数字は必ず「表面」。
契約前に実質計算を自分でやること。",3,5,published,2030773057673990279,https://x.com/i/web/status/2030773057673990279,その他,危機感,分析的,TRUE,171,-1,E3,日,0,0,65,system_original,,,
02905383-74fb-43f0-8469-f138243e7cb2,入居者退去後の原状回復チェックリスト,"退去後に「業者に言われるまま払った」は最悪パターン🚨

原状回復の費用負担、実は国土交通省ガイドラインで明確にルールがある。

例えば「経年劣化」は基本オーナー負担。
タバコのヤニ・ペット臭は入居者負担。

この線引きを知らないと、本来払わなくていい数十万を取られ続ける。

退去精算は「言われた金額に即サイン」が一番危険。",4,4,published,2030841737510556034,https://x.com/i/web/status/2030841737510556034,その他,危機感,実践的,TRUE,162,-1,M3,月,0,0,89,system_original,,,
6dd03e69-e3eb-4e2a-92ad-561d2bcbc50c,管理費・修繕積立金の実態数字,"管理費・修繕積立金を「月2万円」で計算して買った人が後悔する理由。

国交省データでは、築30年超の修繕積立金の平均不足額は1戸あたり約100万円。
管理組合が値上げを決議した瞬間、CFが一気に崩れる。

「表面利回り」ではなく「実質コスト込み利回り」で物件を判断できてますか？💡",4,2,published,2030875775939834064,https://x.com/i/web/status/2030875775939834064,その他,危機感,分析的,TRUE,140,-1,other,月,0,0,74,system_original,,,
1523e0a1-e444-4e7e-bbad-41685706a517,管理会社に任せれば安心は大誤解,"「管理会社に任せてるから大丈夫」
その安心感、実は一番危険です。🚨

管理会社が対応するのは「入居中のトラブル処理」が主業務。
空室対策・家賃査定・修繕判断は、オーナーが指示しないと動かない会社が大半。

月額管理料5%払っても、空室3ヶ月で年間収入の25%が消える。
「任せる」と「丸投げ」は全く別物。

数字で管理する目を、オーナー自身が持つしかない。",4,7,published,2030945944364273846,https://x.com/i/web/status/2030945944364273846,その他,危機感,警告的,TRUE,178,-1,M2,月,2,0,78,system_original,,,
8d9cad1d-5bd5-4e78-9155-8d072e6b6688,管理会社選びで収益が変わる,"管理会社を「安いから」で選ぶと後悔する。🏢

管理費5%と8%の差、月賃料8万円なら月2,400円。
年間28,800円の差だが、空室対応が遅い会社は
空室1ヶ月で家賃8万円まるごと消える。

安さより「空室時の客付け力」と
「修繕対応スピード」で選ぶのが正解。

管理会社は「コスト」じゃなく
「収益を守るパートナー」として見直してほしい。",4,1,published,2030957970146963877,https://x.com/i/web/status/2030957970146963877,その他,危機感,教育的,TRUE,171,-1,E2,月,3,0,75,system_original,,,
b84a04d1-df84-4f59-bf28-9c30c0912b5b,表面利回りvsネット利回りの落とし穴,"「利回り8%」に飛びついて失敗する人の共通点🏠

表面利回りは「家賃収入÷物件価格」だけ。
管理費・修繕費・固定資産税・空室損を引いたネット利回りは
平均で2〜3%下がる。

8%→5%になった瞬間、
ローン返済後のキャッシュフローは
ほぼゼロになることも。

業者が見せる数字は必ず「表面」。
自分でネットを計算してから動く。",3,1,published,2030959036288663848,https://x.com/i/web/status/2030959036288663848,その他,危機感,教育的,TRUE,164,-1,E2,月,4,0,245,system_original,,,
05d229f8-2db1-4f3e-92f8-085b2dd424c4,管理会社が隠す空室長期化の構造,"管理会社が「入居者募集中です」と言い続ける間、オーナーの損失は静かに積み上がる。

業界歴10年の視点で言うと、空室3ヶ月超えは管理会社側に「動く動機がない」ケースが多い。

客付け手数料は入居時1回のみ。つまり空室が続いても管理会社の収益はほぼ変わらない。

月1回の「活動報告」に数字の根拠があるか、今すぐ確認を。📋",4,6,published,2031121934763860094,https://x.com/i/web/status/2031121934763860094,その他,危機感,警告的,TRUE,160,-1,M1,火,0,0,34,system_original,,,
d4dbd2d6-1452-4bea-952d-9a366dbfadc0,空室リスクを数字で見抜く方法,"「空室率5%なら安全」は危険な思い込みです📊

例えば家賃8万円・1室のワンルームで空室率5%は「年29日空き」。でも実態は入退去のタイミング次第で2〜3ヶ月丸ごと収入ゼロになる。

年間収入96万円のうち16〜24万円が吹き飛ぶ計算。

「平均値」ではなく「最悪ケース」で手元キャッシュを試算する習慣が、失敗しない投資家を作ります。",3,4,published,2031130351926706313,https://x.com/i/web/status/2031130351926706313,その他,危機感,警告的,TRUE,167,-1,M1,火,0,0,46,system_original,,,
a9b218c8-59bc-41a7-a984-621e2fbd55c7,賃貸併用vs普通投資物件 比較分析,"「住みながら家賃収入」は本当においしいのか？🏠

賃貸併用住宅の実態を数字で見ると…

住居部分50%以上→住宅ローン適用（金利0.5%台）
純投資物件→アパートローン（金利1.5〜2.5%）

金利差だけで月3〜5万円変わることも。
ただし「出口」が問題。
買い手が同じライフプランの人に限定され
売却時に値崩れしやすい。

うまみとリスク、両面で計算してから判断したい。",5,5,published,2031132637461622972,https://x.com/i/web/status/2031132637461622972,質問,危機感,分析的,TRUE,187,-1,E3,月,1,0,154,system_original,,,
279a63c4-556e-4551-b3d1-8aee6190a56d,賃貸併用住宅チェックリスト,"「実質タダで住める」に飛びつく前に確認すべきこと🏠

賃貸併用住宅、数字だけ見ると魅力的。
でも落とし穴は「出口」にある。

居住部分50%超→住宅ローン適用
でも売却時は「投資物件扱い」になる事実。

買い手が限定され、売値が読めない。
「住みながら運用」の裏側を
数字で検証してから判断しよう。",5,4,published,2031235098012532798,https://x.com/i/web/status/2031235098012532798,その他,危機感,警告的,TRUE,149,-1,other,火,3,0,263,system_original,,,
1a8a9c7b-c052-474a-918e-dd1ddb835e6d,住みたい街ランキングで読む投資立地術,"「住みたい街ランキング」を投資判断に使ってる人、意外と少ない📊

葛西・江坂・博多が上位に入った理由は「家賃水準」より「利便性コスパ」。

人が集まる街＝賃貸需要が続く街。でも人気ランキング上位＝利回りが高いとは限らない。

初心者が陥る罠は「人気＝割安」と思い込むこと。価格に需要が織り込まれていれば、利回りは下がる一方です。",5,1,published,2031296890214711695,https://x.com/i/web/status/2031296890214711695,その他,危機感,教育的,TRUE,164,-1,E1,火,0,0,61,system_original,,,
63ab7b2c-eb26-4965-8760-95051c614554,人気エリア≠儲かるの落とし穴,"「住みたい街ランキング上位」に飛びつく投資家ほど失敗する📊

葛西・博多など人気エリアは需要があるように見えるが、
問題は「人気≠利回り」という現実。

需要が高いエリアは物件価格も高騰し、
表面利回り3〜4%台が当たり前になる。
返済後の手残りは月1〜3万円。これが10年続く。

人気エリアで買う前に確認すべき数字は
「実質利回り」と「出口キャップレート」の2つだけ。",5,3,published,2031304018862161989,https://x.com/i/web/status/2031304018862161989,その他,危機感,警告的,TRUE,186,-1,E1,火,1,0,50,system_original,,,
944940b3-02d5-497d-8c1f-216c589bd8cb,減価償却で節税できる実数値,"「不動産で節税できる」は本当か？🧾

木造築20年・1,000万円物件の場合
建物700万円 × 償却率0.25 ＝ 年175万円を経費計上可能

年収600万円の会社員なら
所得税＋住民税の実効税率約30%で
→ 年間52.5万円の税負担軽減になる計算

ただし「減価償却期間が終わると節税効果はゼロ」
耐用年数4年で使い切ると、5年目からは普通に課税される

出口まで含めて設計しないと
節税のつもりが単なる先送りになる",6,2,published,2031305939643400509,https://x.com/i/web/status/2031305939643400509,質問,危機感,分析的,TRUE,212,-1,M2,火,1,0,92,system_original,,,
b7aadcd8-4e27-4df3-aac5-0af8ae6efb8f,税務申告ミスで追徴課税・失敗事例,"確定申告、自己流でやって追徴課税100万円超えた人を何人も見てきた。

不動産投資の税務ミスTOP3👇
①修繕費を一括費用計上→資本的支出と判定され否認
②減価償却を間違えて計算→過少申告で延滞税まで発生
③法人化タイミングを誤り→所得移転が否認されて二重課税

「どうせバレない」は通用しない。税務調査の対象になると、過去5年分さかのぼって修正させられる。節税のつもりが最悪の結果になる前に、数字の根拠を必ず確認してほしい。",6,3,published,2031484276424991073,https://x.com/i/web/status/2031484276424991073,その他,危機感,警告的,TRUE,213,-1,M1,水,2,0,136,system_original,,,
551baffe-9048-48d6-bba3-8f70afefe7b2,銀行員が教えない融資審査の本音,"銀行員は「属性が良ければ通る」と言うが、それは半分だけ正しい。🏦

実際の審査では「この物件、競売になったら何で回収できる？」を見ている。

表面利回り8%でも、積算評価が購入価格の60%なら担保割れリスクで落ちる。

融資を通すには「人・物・収益」3つが揃って初めて土台になる。

属性磨きだけでは不十分。物件の担保力を数字で先に確認しろ。",2,6,published,2031494625899458660,https://x.com/i/web/status/2031494625899458660,その他,危機感,警告的,TRUE,171,-1,M1,水,1,0,61,system_original,,,
1e5c9240-3c1e-4763-87f3-ba93d8b5bd46,管理委託の罠・費用と手抜きの実態,"管理会社に任せれば安心、は半分だけ正しい。

実態はこうだ。
管理費5%に見えて、原状回復・広告費・更新手数料を別途請求され、年間実質コストが家賃の15〜20%に膨らむケースがある。

さらに「入居者からクレームなし」＝「問題なし」ではない。
設備の劣化報告が遅れ、気づいた時には修繕費が3倍になっていた事例は珍しくない。

管理会社は「運営パートナー」。
中身を数字で確認する習慣が、手残りを守る。",4,3,published,2031495798081597941,https://x.com/i/web/status/2031495798081597941,その他,危機感,警告的,TRUE,200,-1,E3,火,1,0,38,system_original,,,
925ee628-b11f-4a4f-ab8b-7b185d4b8077,税理士が嫌がる不動産節税の裏側,"税理士が「それ、やめといた方がいい」と言う節税、実は儲かる案件ほど多い。

業界インサイダーが明かす現実👇

・減価償却は「先食い」に過ぎない
・法人化は年収700万円未満で逆効果になることがある
・青色申告特別控除65万円を取れていない人が約4割

知識差が、10年後の手残りを決める。",6,6,published,2031570956427423779,https://x.com/i/web/status/2031570956427423779,その他,危機感,警告的,TRUE,144,-1,M3,水,0,0,63,system_original,,,
3c23d325-5747-481e-aab0-2d07688b7435,表面利回りの罠：誤解を解くQ&A,"「利回り8%なら安心」と思ってない？🤔

表面利回りと実質利回りは別物。
管理費・修繕積立・空室損失・税金を引くと、8%→4%台になるケースは珍しくない。

正しい計算式は
「年間実収入÷（物件価格＋取得費用）」。
取得費用だけで物件価格の7〜8%かかる現実も忘れずに。

数字は「業者が出す数字」ではなく「自分で作る数字」で判断する。",3,7,published,2031596190383411396,https://x.com/i/web/status/2031596190383411396,質問,危機感,警告的,TRUE,168,-1,other,水,1,0,58,system_original,,,
c6a1782f-08fd-4911-997a-953c34dc1f19,借りたい街ランキングの正しい読み方,"「住みたい街ランキング」を投資判断に使う人は危ない🚨

葛西・江坂・博多が上位でも、それだけで買っていい物件はない。

業者が使う「人気エリア」という言葉は、割高物件を売るための文脈で出てくることが多い。

プロが見るのは「需要の強さ」より「需要と供給のバランス」と「出口の流動性」。

人気エリアこそ競合物件が多く、空室率が思ったより高い場合がある。

ランキングは読者向け。投資家は数字を自分で取りに行く。",5,6,published,2031667047155789883,https://x.com/i/web/status/2031667047155789883,その他,危機感,警告的,TRUE,205,-1,M2,水,1,0,79,system_original,,,
c609f54f-0d8e-43e2-b89b-5c4fa542f288,初心者向け不動産ポートフォリオ設計入門,"不動産投資で失敗する人の9割は「1棟買い→終了」で思考停止してる📊

本来は「築年数×エリア×物件種別」を分散させて、リスクを設計するもの。

例えば
築古×地方＝高利回り担当
新築×都市部＝値崩れ防止担当
この組み合わせがポートフォリオ設計の基本。

「とりあえず1件」の前に、出口まで逆算した設計図を持てるかが全てを決める。",7,1,published,2031668826090459555,https://x.com/i/web/status/2031668826090459555,その他,危機感,教育的,TRUE,164,-1,E1,水,0,0,51,system_original,,,
7dff3d18-317d-4335-8dec-ea9cd9b48399,自主管理vs管理委託 コスト比較,"自主管理は「管理費ゼロ」じゃない。

管理委託は家賃の5〜8%。月10万円の物件なら月5,000〜8,000円。年間最大9.6万円のコスト。

一方、自主管理の隠れコストは深刻だ。
・入居者対応で年20〜30時間消費
・クレーム対応ミスで退去リスク
・緊急修繕の業者手配を自分で行う

サラリーマン投資家が時給2,000円なら、30時間＝6万円分の労働を「無料」でやっている計算になる。

管理費は経費、時間は取り戻せない。",4,5,published,2031669204169134397,https://x.com/i/web/status/2031669204169134397,その他,危機感,分析的,TRUE,212,-1,E1,水,1,1,202,system_original,,,
216376dd-c926-4113-8170-5b390d1f8041,ポートフォリオ集中リスク失敗事例,"「1棟目が順調だから2棟目も同じ戦略で」
これで破綻した投資家を何人も見た。📉

同じエリア・同じ築年・同じ融資銀行で3棟揃えると
空室率が同時に悪化する。分散したつもりが
実は「同一リスクの3倍買い」だった。

物件数≠分散。
エリア・築年・借入先を軸に
本当の分散ができているか確認してほしい。",7,3,published,2031861016095588460,https://x.com/i/web/status/2031861016095588460,その他,危機感,警告的,TRUE,149,-1,E3,水,1,0,62,system_original,,,
68a8a0b6-692b-4af1-94fe-d310a7e5bdc3,再開発エリア投資の数字で見る真実,"再開発エリアに飛びつく前に、この数字を見てほしい。

横須賀中央・堺東など再開発ラッシュが続くが、完成後の賃料上昇率は平均+8〜12%に対し、工事期間中の空室率は+15〜20%跳ね上がるケースが多い📊

「将来値上がりする」を信じて今買うと、5年の工事期間で収支がマイナスになる計算も。

出口価格ではなく、工事中のキャッシュフローを先に数値化する。それが本物の判断軸。",5,2,published,2031959772493222138,https://x.com/i/web/status/2031959772493222138,その他,危機感,警告的,TRUE,185,-1,other,木,0,0,90,system_original,,,
12921240-e026-4b1c-874d-72de0a5ece78,不動産投資の確定申告・初心者基礎,"不動産投資を始めた会社員の多くが、最初の確定申告で「経費って何が使えるの？」と焦る😅

実は減価償却・管理費・修繕費・ローン利息は全額経費算入できる。
給与との損益通算で年間数万〜数十万円の節税効果が出るケースも。

「買ったら終わり」ではなく
「申告設計まで込みで投資」が本当のスタート地点です。",6,1,published,2032031656941637964,https://x.com/i/web/status/2032031656941637964,質問,危機感,教育的,TRUE,149,-1,M2,木,0,0,68,system_original,,,
7f7f46e9-34a2-4ac4-bcd1-801db952ca81,不動産投資の税務Q&A よくある誤解,"「家賃収入は全額課税」と思ってた会社員、損してます📊

不動産投資の税務、誤解が多すぎる。

✗ 家賃収入=丸ごと所得税
✓ 経費を引いた「不動産所得」に課税

減価償却・ローン利息・管理費・修繕費…
これらは全部経費計上できる。

本業年収600万円の人が
不動産所得▲50万円なら
給与と損益通算→還付が発生するケースも。

「税金は怖い」より「仕組みを知る」が先。",6,7,published,2032219805562880302,https://x.com/i/web/status/2032219805562880302,その他,危機感,教育的,TRUE,185,-1,E3,木,1,0,81,system_original,,,
a8b6bfb9-cf36-474d-96de-dc670e6addf1,物件購入前チェックリスト完全版,"物件を買う前に「この10項目」を確認しない人が失敗する。

✅ 表面利回りだけ見てないか
✅ 出口（売却価格）を試算したか
✅ 空室率5年分をシミュレートしたか

「なんとなく数字が良さそう」で買うと、5年後に含み損で身動き取れなくなる。

ポートフォリオは「買う前の設計」で9割決まる。📋",7,4,published,2032319432547033310,https://x.com/i/web/status/2032319432547033310,その他,危機感,実践的,TRUE,145,-1,other,金,0,0,60,system_original,,,
395453b7-4ce8-423f-9ab2-bd0446043d5b,プロが内緒にするポートフォリオ設計術,"プロの不動産投資家が「絶対に教えない」設計のルールがある📊

1棟目=キャッシュフロー重視
2棟目=融資枠の温存
3棟目以降=出口逆算

この順番を守らないと、2棟目で詰む。
業者は「良い物件が出たから買って」と言う。でも本当は融資枠と属性管理が先。

ポートフォリオは「買い順」で8割決まる。",7,6,published,2032393112425824520,https://x.com/i/web/status/2032393112425824520,宣言,危機感,警告的,TRUE,147,-1,M2,金,2,0,125,system_original,,,
eb9aed51-b4fd-41e1-9205-0fb6389b36e1,区分マンション vs 一棟アパート比較,"「区分マンションと一棟アパート、どっちがいい？」

この質問、答えは「あなたの資金量と出口戦略による」です。

区分は300万円の頭金で参入できるが、出口は実需頼み。
一棟は利回り8〜10%狙えるが、融資額2000万〜が前提。

比べるべきは「表面利回り」じゃなく
「融資期間×キャッシュフロー×売却想定値」の3軸です。

型で買うと詰む。数値で選ぼう。💡",7,5,published,2032585355602333701,https://x.com/i/web/status/2032585355602333701,質問,危機感,分析的,TRUE,178,-1,E3,金,7,0,815,system_original,,,
9a6a539e-44aa-4dbb-a0ea-57dc9ce196d6,分散投資＝正解？不動産ポートフォリオ誤解,"「分散すれば安全」は株の話です。🏠

不動産で同じ発想をすると、
管理コストが倍増して手残りが消える。

1棟目：表面7%→実質4.2%
2棟目追加：管理費・修繕が2倍
手残り：合計で1棟目より減るケースあり

分散より先に「1物件を黒字化」が鉄則。
ポートフォリオ設計は3棟目以降の話。

広げる前に、深める。",7,7,published,2032682686821908869,https://x.com/i/web/status/2032682686821908869,その他,危機感,警告的,TRUE,156,-1,other,土,1,0,75,system_original,,,
ff55b0fb-12f3-41be-ad93-acd569c5d8d7,物件購入前エリア分析チェックリスト,"物件を見る前に「エリア」を見ていない人が多すぎる。

駅距離・築年数より先に確認すべき数値がある📊

①人口動態（5年・10年トレンド）
②空室率（市区町村別、理想10%以下）
③賃料下落率（直近3年で3%超なら要注意）
④再開発・インフラ計画の有無

この4つを数字で確認せずに買うのは、目隠しで物件選びをしているのと同じ。",1,4,published,2032749997993648334,https://x.com/i/web/status/2032749997993648334,その他,危機感,実践的,TRUE,163,-1,M2,土,0,0,83,system_original,,,
0846c713-5db2-4662-b604-699dbb397dad,初心者向けエリア分析の基本,"「利回り10%」より先に見るべき数字がある📊

物件を買う前に必ず確認したい3つのエリア指標：
・人口増減率（過去5年）
・賃貸需要層（学生・単身・ファミリー）
・駅徒歩分数と空室率の相関

この3つを見ずに利回りだけで買うのは、天気予報を見ずに登山するのと同じ。

エリアが物件の価値を決める。物件がエリアを決めるのではない。",1,1,published,2032945108341911562,https://x.com/i/web/status/2032945108341911562,宣言,危機感,教育的,TRUE,164,-1,E3,土,2,0,72,system_original,,,
7f92c9b0-75ad-4d46-8b0c-055052e873c4,都心vs郊外 投資物件エリア比較,"「都心は安全、郊外は危険」は半分だけ正しい。🏙️

都心：表面利回り3〜5%／空室期間短い／売却しやすい
郊外：表面利回り7〜10%／空室長期化リスク大／出口が読めない

数字だけ見ると郊外が魅力的に映る。
でも「売れない・貸せない」が重なると手残りはマイナスになる。

利回りは入口の数字。出口の数字を先に決めてから買うのが正しい順序。",1,5,published,2033049775864517008,https://x.com/i/web/status/2033049775864517008,その他,危機感,分析的,TRUE,169,-1,other,日,1,0,69,system_original,,,
75c1cfd3-5b9a-4da5-9025-7b8f91b29aa9,不動産投資 確定申告チェックリスト,"確定申告、「去年と同じでいいか」は危険です⚠️

不動産投資の申告でサラリーマンが見落としがちな経費は意外と多い。

減価償却・ローン利息・管理費・修繕費・交通費・税理士費用…
これ全部「損益通算」できる可能性がある。

本業の給与と合算して税金が戻ってくる仕組みを、数字で理解しているかどうかで手取りが数万円変わる。

知らずに損してる人が多すぎる。",6,4,published,2033114970154570010,https://x.com/i/web/status/2033114970154570010,その他,危機感,実践的,TRUE,176,-1,M2,日,1,0,109,system_original,,,
3481dc90-550d-439e-b389-32cab3fc4fda,エリア選びの誤解を解くQ&A,"「駅近なら安心」は半分だけ正解。🏠

実は駅距離より重要な指標がある。

徒歩5分の物件でも、
・周辺人口が年1%以上減少中
・賃貸需要層（20〜34歳）比率が15%未満
・競合物件が半径300m以内に5棟超

この3条件が揃うと空室率は平均12〜18%に跳ね上がる。

駅近の「安心感」に業者と一緒に酔ってはいけない。",1,7,published,2033307653498364104,https://x.com/i/web/status/2033307653498364104,その他,危機感,警告的,TRUE,160,-1,E3,日,1,0,78,system_original,,,
10a5ef51-719f-4d80-8167-5555fd1bd643,青色vs白色申告 不動産投資家の選択,"青色申告と白色申告、どちらが得か迷ってる？

結論：不動産投資家は青色一択です。

青色の65万円控除を使うだけで、
課税所得がそのまま65万円圧縮される。
税率20%なら年13万円の節税効果。

白色は「楽」に見えて、
実は10年間の赤字繰越もできない。

手間を惜しんで年13万円捨てる人が
まだまだ多い現実。📊",6,5,published,2033417784424833443,https://x.com/i/web/status/2033417784424833443,質問,利益,分析的,TRUE,158,-1,other,月,1,0,112,system_original,,,
d6c27e9a-4c3e-41c7-b54d-e1ed5b81a73c,融資DTI・返済比率の数字で見る限界ライン,"融資審査で落ちる人の共通点、知ってますか？

年収600万円の会社員が1億円の物件を狙うとき、金融機関が見る「返済比率」は40〜45%が上限ライン。

年収600万×45%＝年間返済270万円まで。
月22.5万円超える借入は「否決リスク大」と考えてください。

物件の利回りより先に、自分の融資枠を数字で把握する。
これが融資戦略の第一歩です。📊",2,2,published,2033487265549148488,https://x.com/i/web/status/2033487265549148488,質問,危機感,分析的,TRUE,174,-1,M2,月,2,0,107,system_original,,,
337131f0-bb78-4667-81f4-8b79cf7c4833,エリア分析5指標で物件を選ぶ,"「なんとなく駅近だから安心」で買うと後悔する🔍

物件選びで本当に見るべき数字は5つだけ。

①賃貸需要率（空室率の逆数）
②人口増減率（5年トレンド）
③利回り÷空室率の実質係数
④最寄り駅乗降客数（10年推移）
⑤行政の開発計画有無

感覚で選んだ物件が10年後に「売れない資産」に化けるリスク、数字を先に見れば8割は防げる。",1,2,published,2033674905196147112,https://x.com/i/web/status/2033674905196147112,その他,危機感,分析的,TRUE,165,-1,E3,月,0,0,66,system_original,,,
24007e5d-b8b1-4a81-84f5-04824b8a0e86,フルローン融資失敗の落とし穴,"「フルローンで買えます」は業者の営業トークです⚠️

ある会社員が35年フルローンで1R購入。
家賃6.8万・返済7.2万・管理費0.8万。
毎月▲1.2万の赤字スタート。

5年後に空室3ヶ月→計▲61万の損失。
売却時にはオーバーローンで身動き取れず。

「借りられる額」と「借りていい額」は別物。
キャッシュフロー計算は買う前が全て。",2,3,published,2033771139332510178,https://x.com/i/web/status/2033771139332510178,その他,危機感,警告的,TRUE,170,-1,other,火,1,0,112,system_original,,,
50479770-2dbf-4dff-bec2-b075580a338a,融資審査前にやるべきチェックリスト,"融資審査に落ちる人の9割は「準備不足」です。

銀行が見ているのは物件より先に「あなた自身」。
年収・勤続年数・信用情報・自己資金比率——
この4つが揃っていなければ、どんな好物件も借りられない。

審査前に自分のスコアを把握している人と
なんとなく申し込む人では、
通過率に雲泥の差が出る。📋

今日から整えられる「融資前チェック」を図解します。",2,4,published,2033844156918010155,https://x.com/i/web/status/2033844156918010155,その他,危機感,実践的,TRUE,174,-1,M2,火,1,0,56,system_original,,,
8c21a58f-7c2f-47c2-b0ea-72a4358b65a2,銀行員が教えない融資審査の裏側,"銀行員が「融資が通りやすい」と言う物件、実は銀行に都合がいいだけ📋

元銀行員から聞いた本音:
・担保評価が高い＝銀行の回収が楽なだけ
・年収属性重視は「あなた」を見ている、物件ではない
・金利0.1%の差より「期間」が利益に直結

35年ローンで0.3%差は総額200万円超の違いになる。
「通るか」より「どう組むか」が本当の勝負。",2,6,published,2034034952958824746,https://x.com/i/web/status/2034034952958824746,その他,危機感,警告的,TRUE,167,-1,E3,火,3,0,76,system_original,,,
e29d74b4-4dc4-4e6d-80f7-ea076670a08f,融資ローン戦略よくある誤解Q&A,"「年収500万でも融資は通る」は本当か？🏦

不動産投資ローンの誤解で損する人が多すぎる。

Q: 年収より何が大事？
A: 「返済比率」と「属性スコア」。年収1000万でも他借入が多ければ否決される。

Q: 金利は低いほど得？
A: 変動1.5%でも返済期間35年なら総支払いは想像以上。出口から逆算しないと罠になる。

数字で考えれば、業者トークに流されなくなる。",2,7,published,2034136761790566872,https://x.com/i/web/status/2034136761790566872,質問,危機感,教育的,TRUE,185,-1,other,水,0,0,74,system_original,,,
e96c4049-58f4-40b9-be9c-c142901047a7,ポートフォリオ設計：数字で見る分散戦略,"「物件を増やせば安全」は半分だけ正しい。

同じエリア・同じ築年数で3戸持っても、リスクは1戸の3倍に膨らむだけ。

本当の分散は
築年数✕エリア✕物件種別を
意図的にズラすこと。

空室が重なる確率は
無相関なら30%×30%=9%まで下がる。
相関が高いと30%のまま。

数字が違う、戦略が違う。📊",7,2,published,2034208999868883064,https://x.com/i/web/status/2034208999868883064,その他,危機感,分析的,TRUE,152,-1,M2,水,0,0,41,system_original,,,
fabc2a0d-ee15-4257-95c3-70c736eb33b7,公示地価5年連続上昇の誤解を解く,"「地価が上がってるなら今すぐ買わないと損」は危険な思考法。📊

国交省の公示地価、全用途5年連続上昇は事実。でも見落としがある。

・上昇は東京圏・大阪圏の都市部に集中
・名古屋圏はすでに上昇幅が縮小
・地方圏は依然として下落エリアが多数

「日本全体が上がっている」は完全な誤解。
エリア・用途・築年数で明暗は真逆になる。

地価ニュースで感情的に動く前に、番地レベルで数字を確認する習慣を。",5,7,published,2034395281362420023,https://x.com/i/web/status/2034395281362420023,その他,危機感,警告的,TRUE,197,-1,E3,水,1,0,68,system_original,,,
9a741695-0c83-4e3e-8a55-56bc5b2b7556,表面利回り信者が陥る3つの罠,"「利回り8%！」に飛びついて失敗する人の共通点🚨

表面利回りは家賃÷物件価格の単純計算。
管理費・修繕費・空室・税金を引いた
実質利回りは平均2〜3%落ちる。

都内ワンルーム表面8%→実質5%台、
ローン金利2%引いたら手残り3%。

「高利回り＝高リスク物件」の法則を
知らずに買うと毎月赤字が待っている。

数字の読み方を変えるだけで
見える景色が全く違う。",3,3,published,2034497687790260444,https://x.com/i/web/status/2034497687790260444,その他,危機感,警告的,TRUE,183,-1,other,木,1,0,75,system_original,,,
fc38f81d-8456-40e6-8e74-dc96fde2bf90,空室リスクを数字で見抜く方法,"「空室率5%なら安心」と思っていませんか？

業者が使う空室率は「エリア平均」。
あなたの物件の話ではありません。

築15年・駅徒歩12分の1Kなら
実態空室率は15〜25%になるケースも。

年間家賃収入120万円の物件で
空室率20%なら実収入は96万円。
ローン返済・管理費を引くと手残りゼロの可能性も。

「なんとなく買って失敗しない」ために
自分の物件で数字を検証してください。",3,1,published,2034566195924369729,https://x.com/i/web/status/2034566195924369729,質問,好奇心,教育的,FALSE,195,-1,M2,木,0,0,48,system_original,,,
a20a031e-8db2-4825-b83b-6a11e984e5e6,表面利回りvs実質利回り徹底比較,"「利回り8%！」に飛びつく前に止まれ🛑

表面利回りと実質利回り、この差を知らずに買った人が後悔している。

家賃120万÷物件1500万＝表面8%
ここから管理費・修繕・空室・税金を引くと…
実質5%台に落ちることが普通にある。

1500万円の物件で年30万円の差。
10年で300万円。これが「なんとなく買い」のコスト。

数字は業者の出し方で変わる。自分で計算する習慣が全て。",3,5,published,2034756687421210661,https://x.com/i/web/status/2034756687421210661,その他,危機感,分析的,TRUE,192,-1,E3,木,1,0,53,system_original,,,
296269b2-1912-4095-91af-d68801d60a9f,変動vs固定金利・融資戦略比較,"変動金利と固定金利、どちらで借りるか迷っている人へ📊

変動1.5%と固定2.5%、1000万円・35年で比較すると
月々の返済差は約5,500円。
ただし変動が1%上昇すると逆転する。

問題は「何年保有するか」を決めずに選んでいること。
5年以内に売る予定なら変動有利。
10年超保有・フルローンなら固定で守りを固める方が合理的な場合もある。

金利選択は感覚ではなく、出口から逆算して決める。",2,5,published,2034856784448352429,https://x.com/i/web/status/2034856784448352429,その他,危機感,分析的,TRUE,199,-1,other,金,0,0,137,system_original,,,
75509119-6a1e-426d-ae7f-f532dc4cc5f9,表面利回りの罠：プロが見る実質数字,"表面利回り8%の物件、実質は4%台だった。

これ、業界では「あるある」なんだよね。

正直に言う。
表面利回りは「集客用の数字」で
プロは最初から見てない。

プロが見てるのは
① 実質利回り（空室・管理費・修繕込み）
② NOI（純営業収益）
③ CCR（自己資金利回り）

この3つを出せない物件は
マジで買っちゃダメ。

数字の読み方を変えるだけで
「いい物件」の定義が180°変わる。",3,6,published,2034926172010594496,https://x.com/i/web/status/2034926172010594496,その他,危機感,警告的,TRUE,197,-1,M2,金,1,0,41,system_original,,,
072e333e-2446-4b6d-8cea-97d9a848cd21,引用: @BIT617620,これ刺さる。黙って整理してたやつが一番強かった話じゃん,,,published,2034930154498392431,https://x.com/i/web/status/2034930154498392431,,,,,,,,,1,0,66,system_quote,,,
eb8c2f41-62c4-44e1-81f2-101a5949a738,引用: @3LDK_minato,これ知らずにタワマン節税やってる人、普通にいそうで怖い,,,published,2034930188887499229,https://x.com/i/web/status/2034930188887499229,,,,,,,,,1,0,95,system_quote,,,
6de22100-e225-4818-a11f-7b60d02ca84f,引用: @pecommmmmm,これ、株好調な今こそ読んどくべき話。浮かれてる時ほど足元ガタガタになる,,,published,2035252611885277417,https://x.com/i/web/status/2035252611885277417,,,,,,,,,0,0,503,system_quote,pecommmmmm,55482,article
20108f02-466c-4e77-b446-c11474d50400,変動vs固定金利ローン比較,"変動0.5%と固定1.8%、どっちが得か正直言う。

3000万円・35年で比較すると
月々の返済差は約2万円。

「変動が安い」は今の話で
金利が1%上がると逆転するんだよね。

実は怖いのは金利より
「出口で売れない物件」に変動で突っ込むこと。

ローン選びは金利比較じゃなく
リスク許容度と保有期間で決まる。

自分の戦略、言語化できてる？",2,5,published,2036005642750627987,https://x.com/i/web/status/2036005642750627987,その他,危機感,分析的,TRUE,173,-1,M2,月,0,0,118,system_original,,,
2cb85c5c-cf82-4def-baa5-bf46f5e5f23d,引用: @nkkyushuokinawa,これ九州だけじゃなくて全国で起きてることの縮図だわ。買いたい人いるのに買えない市場、どこに向かうんだろ,,,published,2036014299664236774,https://x.com/i/web/status/2036014299664236774,,,,,,,,,0,0,52,system_quote,nkkyushuokinawa,7171,article
68d173f1-990f-46f3-bc65-e557261add81,物件購入後の管理実務チェックリスト,"物件買った後の話、誰も教えてくれないんだよね。

正直、購入前より購入後の方が
トラブルは多い。

入居者対応・修繕依頼・滞納督促…
全部を「なんとなく」で回してる人が
8割以上だと思う。

管理会社に任せっきりでも
「確認すべき数字」はある。

月次レポートの見方すら知らないと
気づいた時には手遅れになる📋

チェック項目、まとめたので見てほしい。",4,4,published,2036019736031686867,https://x.com/i/web/status/2036019736031686867,その他,危機感,実践的,TRUE,176,-1,M2,月,0,0,23,system_original,,,
6af3a719-ce35-4ce5-8cee-afd637e40068,引用: @pecommmmmm,これ読んでなかったやつ、今すぐ開いて。上昇相場に乗り遅れた時こそ戦略が全てなんよ,,,published,2036051776994955612,https://x.com/i/web/status/2036051776994955612,,,,,,,,,4,2,2907,system_quote,pecommmmmm,55530,article
b84ec94e-fdc5-4b3b-ba5b-f7ca7b2322ee,引用: @YENZOU,これ不動産やってる人こそ見た方がいい。金利と中東の話、融資に直撃するやつだ,,,published,2036080051213549872,https://x.com/i/web/status/2036080051213549872,,,,,,,,,0,0,33,system_quote,YENZOU,61686,article
fd794733-b8b4-43dd-83a4-0f6773a777e7,駅徒歩15分物件の空室リスク警告,"駅徒歩15分の物件、利回り8%に釣られて買った人の末路を聞いた。

空室6ヶ月→家賃2万下げ→それでも決まらず→結局売却。

正直、利回りの高さって「エリアの弱さ」を価格に織り込んだだけなんだよね。

徒歩10分超えると入居候補が激減する。
データ見ると徒歩15分の平均空室期間は徒歩5分の2.3倍。

その利回り、本当に旨みがある数字か確認してほしい。",1,3,published,2036207266236604518,https://x.com/i/web/status/2036207266236604518,その他,恐怖,警告的,TRUE,177,-1,E3,月,0,0,34,system_original,,,
6ba21403-2774-4e1f-98ed-276e0f591752,管理会社に任せきりで失敗する話,"管理会社に「全部お任せ」した結果、3年で家賃が5万→3.8万になってた投資家を何人も見てきた。

正直、管理会社は「空室を早く埋める」より「楽に管理する」を優先しがち。

チェックすべき数字はたった3つ。

①空室期間の平均（30日以内が目安）
②家賃査定の更新頻度
③入居者クレーム対応の記録

これ、買う前じゃなく「買った後」に差が出るやつ。",4,1,published,2036311430241075247,https://x.com/i/web/status/2036311430241075247,その他,危機感,警告的,TRUE,173,-1,other,火,1,0,36,system_original,,,
